Model,R2,RMSE,MAE
LinearRegression,0.4924457005480247,21.507543777983564,17.38686650189248
RandomForest,0.8107303008344297,13.133791150391561,6.6034952332130645
GradientBoost,0.804791714846223,13.338244780420993,7.3984852325320025
KNeighbors,0.804142629184391,13.36040182793292,6.6105715830658
DecisionTree,0.7141143211091956,16.141569496445772,7.650944864908411
