Model,R2,RMSE,MAE,Topsis Score,Rank
LinearRegression,0.4924457005480247,21.507543777983564,17.38686650189248,0.0,2
RandomForest,0.8107303008344297,13.13379115039156,6.6034952332130645,1.0,4
GradientBoost,0.804791714846223,13.338244780420991,7.398485232532002,0.936948466766064,3
KNeighbors,0.804142629184391,13.36040182793292,6.6105715830658,0.9868081119393749,5
DecisionTree,0.7141143211091956,16.141569496445772,7.650944864908411,0.8086493477977943,1
